"state","lh_share"
"Alabama",0.0772232190392253
"Alaska",0.0876637319534074
"Arizona",0.107041891092698
"Arkansas",0.0788624615928405
"California",0.102433345424055
"Colorado",0.101050305625219
"Connecticut",0.0848610179969521
"Delaware",0.0870383527194368
"District of Columbia",0.08794794736626
"Florida",0.113208400538999
"Georgia",0.0870139048369354
"Hawaii",0.170201278460579
"Idaho",0.0889371723170614
"Illinois",0.0857672650585238
"Indiana",0.0763313532240763
"Iowa",0.0766352030070302
"Kansas",0.0861649475735203
"Kentucky",0.0808710785774069
"Louisiana",0.110724097889408
"Maine",0.0891950902403391
"Maryland",0.0848157587354641
"Massachusetts",0.0854407735012316
"Michigan",0.0908895727883576
"Minnesota",0.0816706624668854
"Mississippi",0.0901134109933384
"Missouri",0.0887328432016621
"Montana",0.105166275482558
"Nebraska",0.076337295755606
"Nevada",0.209812949966753
"New Hampshire",0.0877863640780622
"New Jersey",0.0790706725936715
"New Mexico",0.109623650474277
"New York",0.0932682670733296
"North Carolina",0.0847936496967452
"North Dakota",0.0786598286957215
"Ohio",0.0859313336474358
"Oklahoma",0.0870982138751906
"Oregon",0.0939999077241112
"Pennsylvania",0.087625680904245
"Rhode Island",0.102107275349991
"South Carolina",0.0827108890427067
"South Dakota",0.0816021545518851
"Tennessee",0.101985567544825
"Texas",0.0939505200161675
"Utah",0.0787860577856837
"Vermont",0.0879320820406333
"Virginia",0.085460630366203
"Washington",0.0886957124302401
"West Virginia",0.0937965533408571
"Wisconsin",0.0817028706792091
"Wyoming",0.0896356804530267
