"YEAR","MONTH","ur","lfpr","n"
2019,1,0.0447430256810034,0.630683575867275,97181
2019,2,0.0414305213402406,0.633377365433354,96108
2019,3,0.0396198059477602,0.631495015931752,94701
2019,4,0.0335728530825164,0.62828402508453,96209
2019,5,0.0339297115803142,0.63028081525145,94568
2019,6,0.0387844034253247,0.63506514248609,94756
2019,7,0.0402819772579664,0.639794733555806,94058
2019,8,0.0384371101753333,0.636234275846856,95598
2019,9,0.0336364596141372,0.636231182007691,95131
2019,10,0.0336538679571949,0.637529239395473,95566
2019,11,0.0333213281418505,0.635326044934273,95373
2019,12,0.0339374032539608,0.633811508398326,95194
2020,1,0.040295836816577,0.631992703521462,94400
2020,2,0.0384107517241803,0.633597522623006,94939
2020,3,0.0460146222378855,0.626623991724848,84661
2020,4,0.14507730901416,0.601239856243728,82262
2020,5,0.130113796838794,0.608364940162877,79490
2020,6,0.112098640663043,0.61959646295285,76135
2020,7,0.10358454220822,0.623309880455874,77637
2020,8,0.084263948824639,0.61986605713616,80834
2020,9,0.0760570391928012,0.61703224343889,89683
2020,10,0.0653077027222216,0.620935070945747,91778
2020,11,0.0633936642068035,0.617129342963867,90496
2020,12,0.0648606495436523,0.615957022579438,87530
2021,1,0.0684515768502665,0.612677885795743,89172
2021,2,0.0664526268013513,0.61391641401331,88320
2021,3,0.0621601982662364,0.614778279043764,86657
2021,4,0.05818898416102,0.614093442275212,89493
2021,5,0.0563985893787005,0.615358417040755,88754
2021,6,0.0617169876430327,0.620731136444672,85746
2021,7,0.0573617630660551,0.624516266427374,85729
2021,8,0.053628965106231,0.621305371896266,85941
2021,9,0.0460795766626205,0.619245636621098,83862
2021,10,0.0429856270844414,0.620114597282304,85306
2021,11,0.0394720147887474,0.620359962928522,82874
2021,12,0.03718223275635,0.618006746051894,82540
2022,1,0.0444685538047208,0.619310278337793,83021
2022,2,0.0415817353348098,0.622226070908788,83472
2022,3,0.0378411946867273,0.623566269073196,81411
2022,4,0.0339324130999625,0.620647792864037,84009
2022,5,0.0338982318035317,0.623754501546102,85428
2022,6,0.039097728088087,0.627289079161608,83007
2022,7,0.0381607031262107,0.630335823065207,82212
2022,8,0.0383281760511335,0.629264965244705,83389
2022,9,0.0334924537474287,0.626573806947244,82471
2022,10,0.0343457136895966,0.626934556210412,81954
2022,11,0.0338505090672301,0.624252088660918,81098
2022,12,0.0329701440082978,0.62315041270994,80287
2023,1,0.0386758107891405,0.625582140009582,80790
2023,2,0.0388458980755926,0.628797086492871,79232
2023,3,0.036696564097631,0.62939839379097,78396
2023,4,0.0315362622534697,0.626767238262614,81322
2023,5,0.0350231399627157,0.627271464493174,82022
2023,6,0.0387022715071002,0.632290689203117,81638
2023,7,0.0385385634566861,0.633676340396161,81946
2023,8,0.0399901387403968,0.631864900236403,82862
2023,9,0.0365922060796005,0.630283059247469,81334
2023,10,0.0365458345864075,0.629811220647462,83071
2023,11,0.0351073044586988,0.628655021372756,81407
2023,12,0.0359577516428902,0.623653540774266,80880
2024,1,0.041213862471696,0.623363805734089,80923
2024,2,0.0422232220997998,0.62672377315512,81159
2024,3,0.0395513123349197,0.630344666513075,77992
2024,4,0.0353181021880285,0.62806373606153,81074
2024,5,0.0376502354792189,0.627721016934933,81519
2024,6,0.0429740664341832,0.632523401736949,80730
2024,7,0.045602674976314,0.634939351184191,81234
2024,8,0.0444785794899069,0.630932231415585,82017
2024,9,0.0390658958499063,0.629451264404237,81435
2024,10,0.0396415712671047,0.628894201465923,81249
2024,11,0.0403028000136937,0.625988802400285,81086
2024,12,0.0383208408118062,0.624620745037075,80787
2025,1,0.0435382937996406,0.626426145369847,80078
2025,2,0.0447611538010227,0.626711651213411,79232
2025,3,0.0431781140067603,0.627612297882739,76745
2025,4,0.0390173413039554,0.627544744405327,78404
2025,5,0.040321218686668,0.625067331630652,77942
2025,6,0.0441346184068085,0.629941945479775,77386
2025,7,0.0460823177000749,0.631832899052407,77190
2025,8,0.0453584749031861,0.629267926144828,80377
2025,9,0.0429647178371744,0.628909611105208,79737
2025,11,0.0433366513667647,0.628036139352706,74615
2025,12,0.041312192542472,0.624260297858103,74732
2026,1,0.0470794925305918,0.61984083158242,74510
2026,2,0.0476053833952182,0.621135479113697,76132
2026,3,0.0437714863728305,0.621022278596214,73712
2026,4,0.0397083942855456,0.61913922507574,76571
2026,5,0.0398775880680608,0.62008991813265,77171
2026,6,0.0438923338712559,0.620479572683201,76176
2026,7,0.0437122024372518,0.621691387255369,75196
2026,8,0.0434821248557075,0.621029935738537,76063
