"state","YEAR","ur","lfpr","n"
"Alabama",2019,0.0307619951284962,0.585444249630093,23445
"Alabama",2020,0.0589322747595151,0.576549515639711,21491
"Alabama",2021,0.0358171107497506,0.567295053335305,22630
"Alabama",2022,0.0255255143401292,0.575609890049692,21780
"Alabama",2023,0.0234509045607622,0.57549510766389,20847
"Alabama",2024,0.0301497724226057,0.574542605296036,19346
"Alabama",2025,0.0268802720821908,0.581984751149809,16385
"Alabama",2026,0.0361782704858404,0.567916458445634,10830
"Alaska",2019,0.0614486271459536,0.632679448111708,13173
"Alaska",2020,0.0762551099470921,0.63116138186556,11929
"Alaska",2021,0.0693641791700225,0.644868003350812,11423
"Alaska",2022,0.0451778678483513,0.645238838948846,10709
"Alaska",2023,0.0483577737068452,0.644000687763531,11035
"Alaska",2024,0.049347951331258,0.644071857720712,10372
"Alaska",2025,0.0531311502700973,0.667368064346145,9794
"Alaska",2026,0.0430699693351489,0.66656419229884,7216
"Arizona",2019,0.0480985112514576,0.620489483979624,18644
"Arizona",2020,0.077023041762234,0.614621326756818,16846
"Arizona",2021,0.0516513427119812,0.61743377272468,16519
"Arizona",2022,0.0405833422627363,0.616452944803339,15759
"Arizona",2023,0.0403653670502431,0.625813958230163,15503
"Arizona",2024,0.0350136601941923,0.620197717266636,15045
"Arizona",2025,0.0438388952380894,0.627976432716444,13461
"Arizona",2026,0.0531311978871174,0.601999246731587,9616
"Arkansas",2019,0.0344635544072773,0.589650154305836,21238
"Arkansas",2020,0.061583968901271,0.580307148162663,18051
"Arkansas",2021,0.0403439317663088,0.576206799493829,18774
"Arkansas",2022,0.0374970679775949,0.578938907029532,18290
"Arkansas",2023,0.0357723301282603,0.578193465694879,18248
"Arkansas",2024,0.0370673884931364,0.583727400014263,17999
"Arkansas",2025,0.0462192769924099,0.593105258474463,15055
"Arkansas",2026,0.0422157698720391,0.603436873452443,10016
"California",2019,0.0410421834768513,0.627445463825225,99790
"California",2020,0.101817880167544,0.607184815615988,87876
"California",2021,0.0721413108382895,0.61251385151255,88398
"California",2022,0.041794924759458,0.624216818809949,85219
"California",2023,0.0472009045143636,0.622683305520996,83515
"California",2024,0.0529085724211045,0.623152721809114,83970
"California",2025,0.0522414970727331,0.628249896508911,71456
"California",2026,0.0506964334976856,0.619224187754588,51353
"Colorado",2019,0.0258935096345448,0.690259389806518,14070
"Colorado",2020,0.0726409143912456,0.679681700001689,13116
"Colorado",2021,0.0518329056791113,0.680601616578219,13416
"Colorado",2022,0.0306252822386024,0.684017122810082,13253
"Colorado",2023,0.0323001406881785,0.6848134890655,12339
"Colorado",2024,0.0441587134819487,0.671793556238996,12267
"Colorado",2025,0.0415782315027012,0.670843260779644,10995
"Colorado",2026,0.0450150381183913,0.64386314135825,7545
"Connecticut",2019,0.0390411982439058,0.662620394494505,11715
"Connecticut",2020,0.0792131060984408,0.642676791529452,10899
"Connecticut",2021,0.0643851953821376,0.637837025928323,10531
"Connecticut",2022,0.0411907545991301,0.650015271993404,10372
"Connecticut",2023,0.0375560301254321,0.652067012693001,10669
"Connecticut",2024,0.0336937396292553,0.652252082366508,10971
"Connecticut",2025,0.0457465737467434,0.648887286654905,9429
"Connecticut",2026,0.0519962744603254,0.615787727853114,6892
"Delaware",2019,0.040595303334037,0.632417815294843,12259
"Delaware",2020,0.0800508509494492,0.606662874932364,11137
"Delaware",2021,0.0579061473793801,0.602904271284139,11850
"Delaware",2022,0.045325778001146,0.590254144529288,11481
"Delaware",2023,0.0358352081581639,0.608152661123493,11514
"Delaware",2024,0.0354402442076712,0.603840193612047,11331
"Delaware",2025,0.0557998810404491,0.60899867960309,10477
"Delaware",2026,0.0498032535269451,0.585101265462059,7145
"District of Columbia",2019,0.0588456692899734,0.714387007498392,16732
"District of Columbia",2020,0.0798551213848109,0.697376591920502,15832
"District of Columbia",2021,0.0587796077286978,0.692799308790346,15799
"District of Columbia",2022,0.0457376439586916,0.701844767154374,14845
"District of Columbia",2023,0.0493241175312132,0.71067156647339,13434
"District of Columbia",2024,0.0529634072625714,0.720720593799557,14370
"District of Columbia",2025,0.061729733449032,0.720506902851677,13060
"District of Columbia",2026,0.0550557778905341,0.707547687439711,9246
"Florida",2019,0.0318076369853555,0.592845246980685,52668
"Florida",2020,0.0778208844254549,0.57312844927807,46274
"Florida",2021,0.0464494002189448,0.583233286015633,49122
"Florida",2022,0.030257890209832,0.593298654291886,47577
"Florida",2023,0.0288942675598735,0.594298549592026,46759
"Florida",2024,0.0312456840270282,0.583953433846258,46097
"Florida",2025,0.038704073084445,0.581050591437474,39809
"Florida",2026,0.0415874275454608,0.57921398967518,27546
"Georgia",2019,0.0346336252363361,0.622750988038366,25861
"Georgia",2020,0.0637036365583876,0.612366324747722,22306
"Georgia",2021,0.0412814656482735,0.615253864416786,22685
"Georgia",2022,0.0306624870450351,0.621992220810507,20696
"Georgia",2023,0.0342688806810728,0.620958926451764,20755
"Georgia",2024,0.0347807584114246,0.625655832926114,20541
"Georgia",2025,0.0340660411729744,0.617739570622353,19096
"Georgia",2026,0.0314074504924492,0.625056138964486,12857
"Hawaii",2019,0.0294994568019603,0.61185530430058,16188
"Hawaii",2020,0.117571784335108,0.593547130605928,14661
"Hawaii",2021,0.0641660149275062,0.59193819268993,14687
"Hawaii",2022,0.0390507485414612,0.602036455901703,14793
"Hawaii",2023,0.0297217599749798,0.602938463600446,14808
"Hawaii",2024,0.0301842892611027,0.605800690857541,14731
"Hawaii",2025,0.0258766636209376,0.616708437953493,13134
"Hawaii",2026,0.0306612087965841,0.624783182604129,9563
"Idaho",2019,0.03030962457686,0.643405534550625,18920
"Idaho",2020,0.0504214710021084,0.639663804157716,17556
"Idaho",2021,0.0370229434405185,0.632570526803856,18085
"Idaho",2022,0.0284367873722941,0.638049662209581,17492
"Idaho",2023,0.0323536792803939,0.635139943878547,17509
"Idaho",2024,0.036855553405104,0.648633177706296,17952
"Idaho",2025,0.0363638187568983,0.635062171729793,15325
"Idaho",2026,0.0393929540786001,0.624796811508937,11025
"Illinois",2019,0.0396518921630251,0.650096614377039,30532
"Illinois",2020,0.0906743348455781,0.629688174757092,27939
"Illinois",2021,0.060107509112349,0.635026636420593,27742
"Illinois",2022,0.0429843281379268,0.647435134855875,26265
"Illinois",2023,0.0439515209331566,0.647395688244179,25973
"Illinois",2024,0.0496397545185574,0.651442422509533,25714
"Illinois",2025,0.0461367436037956,0.640865016915521,21873
"Illinois",2026,0.0487973850357801,0.634084444378721,14714
"Indiana",2019,0.0354108711894345,0.650438183020055,18759
"Indiana",2020,0.0697925378727137,0.636950346453315,17052
"Indiana",2021,0.0360775311355518,0.631669810104015,17214
"Indiana",2022,0.0335414409862276,0.643201561550766,16263
"Indiana",2023,0.0370308193925337,0.631745683733376,16040
"Indiana",2024,0.0428026912580528,0.633357433936614,15581
"Indiana",2025,0.0348887260379685,0.64205434337586,13167
"Indiana",2026,0.0368042477000633,0.641520024888242,9257
"Iowa",2019,0.0280334906931259,0.709744896816847,13468
"Iowa",2020,0.053050929227903,0.670186317020054,12173
"Iowa",2021,0.0381870383268628,0.673463217357036,11728
"Iowa",2022,0.0269467384088164,0.680965485516457,11052
"Iowa",2023,0.0304393132508954,0.670716876194952,11635
"Iowa",2024,0.0311644804612395,0.667756657902853,11647
"Iowa",2025,0.0400870797137027,0.675078970943162,10491
"Iowa",2026,0.0370696727465738,0.66101517740722,7347
"Kansas",2019,0.0313648192508949,0.669746417188415,14406
"Kansas",2020,0.0572420008573063,0.674955917011962,13247
"Kansas",2021,0.0343512779671614,0.665521825249,13097
"Kansas",2022,0.0272836234848556,0.671594919809311,12010
"Kansas",2023,0.0291752836385769,0.670161343595434,11904
"Kansas",2024,0.0379826096877229,0.672935921951475,12270
"Kansas",2025,0.0348186836600854,0.679646204642851,10856
"Kansas",2026,0.0435812492191537,0.668004461706235,7675
"Kentucky",2019,0.0429839975655631,0.597222471632286,13791
"Kentucky",2020,0.0673058663982856,0.580573314223196,12203
"Kentucky",2021,0.0466737161793813,0.573768200747164,12613
"Kentucky",2022,0.0374994969481989,0.576137170644227,11968
"Kentucky",2023,0.0418153106838149,0.572644592069922,11110
"Kentucky",2024,0.0493576866042381,0.597345021809587,10572
"Kentucky",2025,0.04339401993497,0.598287753463526,9557
"Kentucky",2026,0.0464944731012209,0.591531887483933,7238
"Louisiana",2019,0.047766336136152,0.590122536644792,25981
"Louisiana",2020,0.0833737513269772,0.583857151423726,22947
"Louisiana",2021,0.0541010332167447,0.579817704225967,23636
"Louisiana",2022,0.0365486183697722,0.583614894104991,22707
"Louisiana",2023,0.0383276885691011,0.585157989975301,21809
"Louisiana",2024,0.0441734017223172,0.577766152079453,20994
"Louisiana",2025,0.0417271544215606,0.58461423586994,18138
"Louisiana",2026,0.0424914749708865,0.574899345390097,11887
"Maine",2019,0.0327412843156724,0.619513839320073,9737
"Maine",2020,0.0544423320642224,0.605791593664203,8917
"Maine",2021,0.0462225034577396,0.605776069147073,8365
"Maine",2022,0.0346489877852625,0.593782730400623,8352
"Maine",2023,0.0294993375762762,0.602475414980841,8489
"Maine",2024,0.0306764588440934,0.59939558189876,8112
"Maine",2025,0.0320185465219503,0.608199620656611,7847
"Maine",2026,0.0384039497984196,0.592957775818567,6488
"Maryland",2019,0.0367399212777908,0.700950673908287,13649
"Maryland",2020,0.0668240052490848,0.665821017830096,12727
"Maryland",2021,0.0590858810706326,0.654149986462869,12816
"Maryland",2022,0.0329213546021985,0.648863610242576,12315
"Maryland",2023,0.0268148781363801,0.660298457145994,11551
"Maryland",2024,0.039796401432453,0.657797226385865,11338
"Maryland",2025,0.0449340583518431,0.648935331471634,9907
"Maryland",2026,0.0489750080127407,0.646251148192421,7501
"Massachusetts",2019,0.0297984074511449,0.67790248155093,23824
"Massachusetts",2020,0.0946435376093184,0.650858159489222,22066
"Massachusetts",2021,0.0597797812260326,0.653304789996493,22256
"Massachusetts",2022,0.0338233051843263,0.651371524825489,22393
"Massachusetts",2023,0.0341288883591842,0.655940576215745,22200
"Massachusetts",2024,0.0410712675219375,0.664089994109837,21946
"Massachusetts",2025,0.0454038051598312,0.670803560047526,19158
"Massachusetts",2026,0.0427063975207547,0.663420791889826,12678
"Michigan",2019,0.0395889157516409,0.621572282681777,26355
"Michigan",2020,0.0969929298222144,0.60922371799654,24005
"Michigan",2021,0.0572650937894879,0.58946870881074,24068
"Michigan",2022,0.0413148268717311,0.602071952541417,22649
"Michigan",2023,0.0391551984761608,0.628518994931097,22545
"Michigan",2024,0.0466925175594546,0.621088235129282,21566
"Michigan",2025,0.0503999815850788,0.614241445846761,18203
"Michigan",2026,0.0507399992156211,0.586680776643246,12609
"Minnesota",2019,0.0333424835492997,0.703613456694091,15349
"Minnesota",2020,0.0598823598982482,0.692980513084735,14053
"Minnesota",2021,0.0390383297927926,0.674506495224535,13432
"Minnesota",2022,0.0270118894152421,0.682717205057095,13532
"Minnesota",2023,0.0286906082804991,0.688156154805854,13087
"Minnesota",2024,0.0322651287268542,0.685423123271808,13171
"Minnesota",2025,0.0432599831360443,0.678657062884341,11320
"Minnesota",2026,0.0495490323481749,0.66477551321219,8284
"Mississippi",2019,0.0576922431433757,0.555879191141195,21052
"Mississippi",2020,0.0788096128513423,0.554433378444166,19107
"Mississippi",2021,0.0548374114477773,0.55047137110283,18916
"Mississippi",2022,0.0408003760867989,0.549759357462618,18005
"Mississippi",2023,0.0311179832339421,0.544856325123455,17048
"Mississippi",2024,0.031256193637173,0.559622471102539,16717
"Mississippi",2025,0.0389762120550296,0.560001793647454,15109
"Mississippi",2026,0.0344040474942562,0.548941239418928,11852
"Missouri",2019,0.0329575940930166,0.643491703977502,16110
"Missouri",2020,0.0603036065630974,0.633074975666623,14843
"Missouri",2021,0.0421168782940177,0.629079894173761,15184
"Missouri",2022,0.027670386939744,0.628747550312975,14692
"Missouri",2023,0.0308680104366127,0.627938088771884,14670
"Missouri",2024,0.0345199649670116,0.635638826570708,14098
"Missouri",2025,0.0399961464911336,0.642492376129408,12266
"Missouri",2026,0.037282563882099,0.643770283673246,8861
"Montana",2019,0.0354474784652321,0.633643844776154,20917
"Montana",2020,0.0580747144054885,0.631695595253494,19487
"Montana",2021,0.0323857032768005,0.635788836277198,18618
"Montana",2022,0.0272865705351127,0.639068102945165,17103
"Montana",2023,0.0299205368946469,0.64568902214676,17362
"Montana",2024,0.0294329746613978,0.631438583397929,18167
"Montana",2025,0.0324402604937825,0.630608290506989,15677
"Montana",2026,0.0309817029570348,0.637932605225101,10399
"Nebraska",2019,0.033166801000132,0.703701481431591,14476
"Nebraska",2020,0.0449621796645637,0.698878035903834,13417
"Nebraska",2021,0.0291925922136554,0.69313308739398,13291
"Nebraska",2022,0.0253778449434875,0.696837596168172,12226
"Nebraska",2023,0.0231401442378644,0.685436439297696,12019
"Nebraska",2024,0.027915614232489,0.689221868677752,12114
"Nebraska",2025,0.0319742986039677,0.703219214865073,11444
"Nebraska",2026,0.0286735558579852,0.701493920805882,7643
"Nevada",2019,0.0392113300359259,0.64240813341926,15091
"Nevada",2020,0.132199269996149,0.619547010965384,13856
"Nevada",2021,0.0776586752448379,0.603138037885866,14250
"Nevada",2022,0.05303783189351,0.616307675582349,13346
"Nevada",2023,0.0493621113573964,0.631806451302543,12668
"Nevada",2024,0.0537203120669145,0.628562717296538,13628
"Nevada",2025,0.0480315337469118,0.639057545767201,12141
"Nevada",2026,0.0479764886514092,0.627611600171868,8955
"New Hampshire",2019,0.0250236815626891,0.694182072069337,16319
"New Hampshire",2020,0.0628424447683988,0.668970318302248,14870
"New Hampshire",2021,0.038175677391905,0.643587913681112,13922
"New Hampshire",2022,0.0286108789644168,0.655569366366592,13287
"New Hampshire",2023,0.0244543124665421,0.64676258374217,12716
"New Hampshire",2024,0.0304275200764286,0.647851776484224,12360
"New Hampshire",2025,0.0328188152826005,0.648424357793319,10875
"New Hampshire",2026,0.0283522732329591,0.64259118820106,8302
"New Jersey",2019,0.036130667020199,0.639552574046896,22967
"New Jersey",2020,0.097869162846625,0.636899348675872,19997
"New Jersey",2021,0.0641563780448479,0.628555686302931,19177
"New Jersey",2022,0.0387741059692814,0.641492001425482,18035
"New Jersey",2023,0.0473320332014636,0.649313723543954,18217
"New Jersey",2024,0.0453522073859788,0.64228740308179,18258
"New Jersey",2025,0.0491462713095721,0.635932045024117,16628
"New Jersey",2026,0.0449313680008396,0.640515337967933,12689
"New Mexico",2019,0.0485307436994071,0.584849918044844,19580
"New Mexico",2020,0.0859888613762032,0.56726633323729,17403
"New Mexico",2021,0.0673796945955108,0.566028857577385,17417
"New Mexico",2022,0.0400221977980435,0.553586315343838,16634
"New Mexico",2023,0.039194098104325,0.564860549389843,15650
"New Mexico",2024,0.0394481040298929,0.571854286272898,15258
"New Mexico",2025,0.0445005944015699,0.566883251183132,15328
"New Mexico",2026,0.0485388346556433,0.557864294537252,13678
"New York",2019,0.0399043464383141,0.607950217161919,47157
"New York",2020,0.0998261274798352,0.59457566910389,41030
"New York",2021,0.0719675991639934,0.593655643665247,38160
"New York",2022,0.0452076033867987,0.606079612877825,37712
"New York",2023,0.0424559346882608,0.616157679813548,36623
"New York",2024,0.0424296453279764,0.610144180271977,36544
"New York",2025,0.042759950275712,0.614160067912058,32352
"New York",2026,0.047465703042379,0.610307260276065,22449
"North Carolina",2019,0.0401465284450465,0.619139708909943,26100
"North Carolina",2020,0.0707659534738172,0.592340105448531,22670
"North Carolina",2021,0.0455730862362699,0.598961798325291,25057
"North Carolina",2022,0.03683973332694,0.608449250922602,24248
"North Carolina",2023,0.0324395012820158,0.608844151071776,24591
"North Carolina",2024,0.0350121154934091,0.607518029688629,23218
"North Carolina",2025,0.035167698630149,0.605050500261255,19675
"North Carolina",2026,0.0360922367946613,0.577036494365561,14012
"North Dakota",2019,0.0240892142545974,0.696477235100553,17014
"North Dakota",2020,0.0494968660980067,0.696791342854408,16439
"North Dakota",2021,0.0346633630351742,0.68599041118523,16347
"North Dakota",2022,0.0182298977005862,0.688454709580858,14907
"North Dakota",2023,0.0204727033070452,0.699232921732574,13704
"North Dakota",2024,0.0306206009888619,0.702676721428421,13598
"North Dakota",2025,0.0279829457092626,0.702114489399082,12420
"North Dakota",2026,0.025923447818107,0.694767334040121,9043
"Ohio",2019,0.0401154504822356,0.636814320208967,28587
"Ohio",2020,0.0850644286782124,0.619176743181091,25660
"Ohio",2021,0.0509026807797703,0.61173874346499,25568
"Ohio",2022,0.038803368943449,0.621128582078516,23899
"Ohio",2023,0.0345355252300006,0.625573537916339,23511
"Ohio",2024,0.0425218539021956,0.631301358663525,24360
"Ohio",2025,0.0484184935080066,0.63379291040938,21392
"Ohio",2026,0.0365276283911598,0.617047447324102,14352
"Oklahoma",2019,0.0353308888202273,0.613904070805035,16985
"Oklahoma",2020,0.0605295504691601,0.615585147836758,15372
"Oklahoma",2021,0.0400701607733412,0.611033790853953,15150
"Oklahoma",2022,0.0376980881328195,0.616906846171899,14388
"Oklahoma",2023,0.036377226116398,0.630608350478614,14762
"Oklahoma",2024,0.0345469154581353,0.633536867554305,14212
"Oklahoma",2025,0.0388953508205871,0.632078942730487,12965
"Oklahoma",2026,0.0498289674894817,0.628737009604127,9209
"Oregon",2019,0.0390061919391711,0.620818407837582,18230
"Oregon",2020,0.0758342603538786,0.625487074460463,17107
"Oregon",2021,0.0504375270677769,0.629364585122961,17397
"Oregon",2022,0.0423717293033553,0.634003564318045,16821
"Oregon",2023,0.0367781868197561,0.620613456240901,16106
"Oregon",2024,0.0413364478522261,0.627894011650142,15662
"Oregon",2025,0.0544866097992433,0.628798097361352,14609
"Oregon",2026,0.052766424678401,0.625171043258504,10402
"Pennsylvania",2019,0.0425923468152291,0.635092999707992,31014
"Pennsylvania",2020,0.0913196139761167,0.62245967250069,27799
"Pennsylvania",2021,0.0663091144582773,0.613151526324722,28469
"Pennsylvania",2022,0.040206992138463,0.61755494424747,28179
"Pennsylvania",2023,0.031210096773564,0.624481349595966,27173
"Pennsylvania",2024,0.0369085353792055,0.624790581721721,26739
"Pennsylvania",2025,0.0438535536675841,0.623322860053602,23325
"Pennsylvania",2026,0.0389072109641483,0.632420790300915,15804
"Rhode Island",2019,0.0358726049297003,0.653944243298,10842
"Rhode Island",2020,0.090838768944924,0.636074100999859,9620
"Rhode Island",2021,0.055152872644325,0.643386957358423,9146
"Rhode Island",2022,0.0362240934661643,0.64555189775285,8801
"Rhode Island",2023,0.0348018403710842,0.643340722817416,8744
"Rhode Island",2024,0.0442311666519086,0.650885178139819,8587
"Rhode Island",2025,0.0484891989266551,0.649558928172244,8644
"Rhode Island",2026,0.0407375517137097,0.636093329167307,6810
"South Carolina",2019,0.0296165884777422,0.588401521477453,19034
"South Carolina",2020,0.0629064040300927,0.573595968006552,16982
"South Carolina",2021,0.0427839634855493,0.566452245824936,17897
"South Carolina",2022,0.0346187587617671,0.569024176743865,17081
"South Carolina",2023,0.0325950048033815,0.592050761130909,17468
"South Carolina",2024,0.0425367246467561,0.595639537792728,16986
"South Carolina",2025,0.0432202341395305,0.602973732424339,14984
"South Carolina",2026,0.0418753700572187,0.61159898673029,10624
"South Dakota",2019,0.0347979132501458,0.69612157392134,12728
"South Dakota",2020,0.0457079248791837,0.695328356100595,11732
"South Dakota",2021,0.0265785155246628,0.689171917090396,11669
"South Dakota",2022,0.0189909489266648,0.702081147790546,11232
"South Dakota",2023,0.0196425035357669,0.693997473908704,10971
"South Dakota",2024,0.0195697933999676,0.695984224919914,11245
"South Dakota",2025,0.0230424091835092,0.683635073274017,9919
"South Dakota",2026,0.0269970267680092,0.664050108023793,7033
"Tennessee",2019,0.0346329586589614,0.622513066910067,22716
"Tennessee",2020,0.0754610187097088,0.610615105720552,19908
"Tennessee",2021,0.0409345173307335,0.60726736675657,19579
"Tennessee",2022,0.035816706760698,0.602835324663712,18563
"Tennessee",2023,0.0341691330186931,0.599327332686006,17767
"Tennessee",2024,0.0334632730039047,0.60164711934259,18271
"Tennessee",2025,0.0369530390682618,0.612900539476249,16271
"Tennessee",2026,0.0346435969859303,0.594337793080403,10988
"Texas",2019,0.0352564506482955,0.642317643436929,63043
"Texas",2020,0.0756436452888512,0.631642494299209,55627
"Texas",2021,0.0578007983812625,0.633470016461177,57902
"Texas",2022,0.0378495342197223,0.642918521473912,55227
"Texas",2023,0.0403156655092442,0.650759449347386,54924
"Texas",2024,0.0423387559192176,0.652952102139992,57166
"Texas",2025,0.0421613576394152,0.649114318434696,51225
"Texas",2026,0.0458534464326752,0.643639644889568,34754
"Utah",2019,0.0263533489840799,0.686077239916283,18207
"Utah",2020,0.0485851462863685,0.676972439229196,16592
"Utah",2021,0.0301578541764965,0.681902700656602,16987
"Utah",2022,0.0238253302259527,0.686011122917924,16414
"Utah",2023,0.0273384270746533,0.69392122871832,15990
"Utah",2024,0.0353790708564624,0.69311927083392,15956
"Utah",2025,0.03652788891767,0.682133641823822,14600
"Utah",2026,0.033888945043435,0.670005798237485,9999
"Vermont",2019,0.0236000657570619,0.656266898537984,15989
"Vermont",2020,0.0563703083889364,0.634952844489932,14745
"Vermont",2021,0.0363535963688118,0.624099130465914,14823
"Vermont",2022,0.0263271593840979,0.634152792647728,13844
"Vermont",2023,0.0187476234647587,0.644830754451956,13504
"Vermont",2024,0.0240022494303534,0.656828492946355,14126
"Vermont",2025,0.0281761718370774,0.632935897775179,12096
"Vermont",2026,0.0266736635706713,0.614309391983655,8440
"Virginia",2019,0.028437098100875,0.667614231258026,20717
"Virginia",2020,0.0633044774382404,0.659453514950539,18450
"Virginia",2021,0.0388295415177318,0.642080539837139,18807
"Virginia",2022,0.0288358237853114,0.645826785335625,18263
"Virginia",2023,0.0288593739013215,0.66573391713985,17693
"Virginia",2024,0.03029466529035,0.660435220402055,17950
"Virginia",2025,0.0429972935113588,0.63893248764904,14924
"Virginia",2026,0.0400276318775049,0.627830006043845,10393
"Washington",2019,0.0413346817110147,0.659289159800587,21871
"Washington",2020,0.0815295124535583,0.644695449996315,20340
"Washington",2021,0.0561674724068896,0.640171080408003,19763
"Washington",2022,0.0433844514317514,0.64236118426735,18535
"Washington",2023,0.0417984703303703,0.642347660788763,18794
"Washington",2024,0.0471375259548242,0.634815011623803,18522
"Washington",2025,0.0495997416261609,0.627456744508395,16548
"Washington",2026,0.0504804652843572,0.62735717566994,12108
"West Virginia",2019,0.0502992629948585,0.558707522477543,24949
"West Virginia",2020,0.0806488109649293,0.550849512819761,21204
"West Virginia",2021,0.0482274165184319,0.54573008249638,20359
"West Virginia",2022,0.03843348842293,0.540049400238581,20113
"West Virginia",2023,0.0381188741530182,0.54030274036357,20172
"West Virginia",2024,0.0396394541075589,0.54348993131865,21144
"West Virginia",2025,0.0395674733252944,0.548003519631577,18681
"West Virginia",2026,0.041734445621479,0.542709133981299,13098
"Wisconsin",2019,0.0343352476953432,0.669841573471223,16018
"Wisconsin",2020,0.0642515996688535,0.6628679462831,14862
"Wisconsin",2021,0.0386984937315179,0.660069969599896,14683
"Wisconsin",2022,0.0327814167097653,0.647314424593475,14182
"Wisconsin",2023,0.0320520370187843,0.663380300628157,14557
"Wisconsin",2024,0.0304871706706538,0.665780137168588,14449
"Wisconsin",2025,0.034528650583453,0.643004109966562,12382
"Wisconsin",2026,0.0395831091878974,0.661923220704334,8069
"Wyoming",2019,0.035014499476166,0.656548412258508,16176
"Wyoming",2020,0.0577978762666538,0.654597099120767,15423
"Wyoming",2021,0.0440708378688472,0.65052933253372,14970
"Wyoming",2022,0.0355646528989179,0.638003488432063,14250
"Wyoming",2023,0.030628001809066,0.643977205350269,14218
"Wyoming",2024,0.0331008498735664,0.637835948512215,13967
"Wyoming",2025,0.0347776125401957,0.6161493181088,11965
"Wyoming",2026,0.0291337656371381,0.613646085824225,9037
